Close/Last,Volume,Open,High,Low
183.38,163224100,186.65,187.0,182.66
173.03,94214920,172.51,173.42,170.89
169.3,50383150,169.58,172.71,169.11
170.33,65934780,173.33,174.99,170.0
173.5,68169420,173.37,176.03,173.1
169.3,44838350,169.88,171.34,169.18
169.89,50558330,169.53,170.61,168.15
169.02,48251840,166.54,169.3,166.21
166.9,49537760,165.35,167.05,164.92
165.84,48116440,165.52,167.26,164.77
165.0,68149380,166.21,166.4,164.08
167.04,43122900,168.03,168.64,166.55
168.0,50901210,169.61,170.65,168.0
169.38,73711240,171.75,173.76,168.27
172.69,73531770,175.36,176.63,172.5
176.55,101670900,174.26,178.36,174.21
175.04,91070280,168.34,175.46,168.16
167.78,49709340,168.8,169.09,167.11
169.67,42451210,168.7,170.08,168.35
169.67,37425510,169.03,169.2,168.24
169.58,42104830,169.59,170.39,168.95
168.82,53704390,170.29,171.92,168.82
169.65,47691720,168.79,170.68,168.58
168.84,49329480,169.08,169.34,168.23
170.03,46240500,171.19,171.25,169.48
171.48,65672690,171.75,172.23,170.51
173.31,60273270,170.41,173.6,170.11
169.71,57388450,170.0,171.42,169.58
170.85,54288330,170.57,171.94,169.45
172.28,71160140,171.76,173.05,170.06
171.37,106181300,177.05,177.49,170.84
178.67,53423100,175.72,178.67,175.09
176.08,55215240,174.34,176.61,173.03
173.72,75604180,175.57,177.71,173.52
172.62,121752700,171.17,172.62,170.29
173.0,72913510,172.91,174.31,172.05
171.13,52488690,172.77,173.19,170.76
173.23,59825370,173.15,174.03,171.01
172.75,60139470,172.94,174.38,172.05
170.73,76267040,169.0,173.7,168.94
169.0,71765060,169.15,170.73,168.49
169.12,68587710,171.06,171.24,168.68
170.12,95132360,170.76,172.04,169.62
175.1,81510100,176.15,176.9,173.79
179.66,73563080,179.55,180.53,177.38
180.75,136682600,181.27,182.57,179.53
181.42,48953940,182.51,183.12,180.13
182.63,54318850,181.1,183.92,179.56
181.16,40867420,182.24,182.76,180.65
182.52,45119680,185.01,185.04,182.23
184.37,52292210,183.48,184.96,182.46
182.32,41529670,181.94,182.89,180.66
181.56,53665550,181.79,182.43,180.0
182.31,49752470,183.42,184.85,181.67
183.86,65434500,183.55,184.49,181.35
184.15,54630520,185.32,185.53,182.44
185.04,56529530,185.77,186.21,183.51
187.15,41781930,188.42,188.67,186.79
188.85,45155220,188.65,189.99,188.0
188.32,40962050,189.39,189.54,187.35
189.41,53438960,190.64,191.05,188.61
189.3,43490760,186.86,189.31,186.77
187.68,69668820,188.15,189.25,185.84
